Instance,Method,Avg_Cost,Avg_Failures,Utilization_Pct,N_Customers,N_Vehicles
N020_V005_I042,ORTools,829.1681183403956,0.05,8.419177278574324,20,5
N020_V005_I043,ORTools,855.061235713102,0.21,8.175366223506943,20,5
N020_V005_I067,ORTools,789.6171730371528,0.01,8.428199409045742,20,5
N020_V005_I077,ORTools,853.193926564097,0.05,8.348493092793593,20,5
N020_V005_I086,ORTools,1393.062913169758,0.6,8.09855646368206,20,5
N020_V010_I002,ORTools,1144.8132213427582,0.0,4.131070250093987,20,10
N020_V010_I013,ORTools,1098.853037600999,0.0,4.188595396915645,20,10
N020_V010_I022,ORTools,981.2187162163386,0.0,4.175437436807434,20,10
N020_V010_I024,ORTools,1214.896700378634,0.22,4.118542737688072,20,10
N020_V010_I044,ORTools,1164.3456457990853,0.0,4.18139104906408,20,10
N020_V010_I050,ORTools,1167.5802827376576,0.01,4.201084216153986,20,10
N020_V010_I058,ORTools,1152.824646518795,0.0,4.18248129893888,20,10
N020_V010_I063,ORTools,993.1261566574768,0.1,4.110285471079999,20,10
N020_V010_I064,ORTools,1222.7114317409535,0.0,4.143459219711195,20,10
N020_V010_I065,ORTools,1342.567118658374,0.15,4.170833653223687,20,10
N020_V010_I072,ORTools,1220.5185735602283,0.0,4.1735147487959345,20,10
N020_V010_I078,ORTools,1091.0056220936717,0.0,4.16042175444297,20,10
N020_V010_I079,ORTools,1162.279952914395,0.0,4.173646022882159,20,10
N020_V010_I083,ORTools,1077.2890833955219,0.0,4.209651235216367,20,10
N020_V010_I085,ORTools,1563.340419077719,0.4,4.102574928638128,20,10
N020_V010_I090,ORTools,1388.1511783573892,0.37,4.074103416594607,20,10
N020_V010_I091,ORTools,1151.8776296950925,0.0,4.170509769671483,20,10
N020_V015_I006,ORTools,1414.695051353883,0.0,2.763401288950734,20,15
N020_V015_I045,ORTools,1608.9730364853197,0.12,2.74240492701339,20,15
N020_V015_I049,ORTools,1701.2277889920283,0.0,2.788129630333911,20,15
N020_V015_I051,ORTools,1639.548212634862,0.0,2.7723417601733975,20,15
N020_V015_I055,ORTools,1573.7008291130448,0.0,2.756705197298912,20,15
N020_V015_I069,ORTools,1700.4419675311685,0.18,2.746102753875463,20,15
N020_V015_I073,ORTools,1473.832476387865,0.0,2.79219798406934,20,15
N020_V015_I080,ORTools,1461.854231541548,0.0,2.5249965148948013,20,15
N020_V015_I087,ORTools,1390.3687954804618,0.0,2.777323053540557,20,15
N020_V015_I089,ORTools,1341.4178528686245,0.0,2.677268686024719,20,15
N050_V013_I025,ORTools,1623.663178505316,0.06,7.972016313440132,50,13
N050_V013_I052,ORTools,2292.477748467193,0.65,7.880304872620153,50,13
N050_V025_I003,ORTools,2695.381797457746,0.0,4.165073120262367,50,25
N050_V025_I014,ORTools,2864.499190646028,0.19,4.1570270778372,50,25
N050_V025_I015,ORTools,3124.0188213946794,0.49,4.1275448770361916,50,25
N050_V025_I016,ORTools,3083.751264467041,0.32,4.1553446511041745,50,25
N050_V025_I028,ORTools,2976.478781082909,0.13,4.167239318471987,50,25
N050_V025_I031,ORTools,2563.059710079257,0.02,4.171801309059056,50,25
N050_V025_I034,ORTools,2752.8322570818004,0.05,4.1537696878479,50,25
N050_V025_I039,ORTools,2510.497739414552,0.0,4.156442851925675,50,25
N050_V025_I040,ORTools,3576.314969842438,1.0,4.108991347020226,50,25
N050_V025_I041,ORTools,2755.932492826896,0.0,4.179926670839965,50,25
N050_V025_I054,ORTools,2662.2307690568687,0.07,4.153544265333328,50,25
N050_V025_I056,ORTools,2748.423886812718,0.25,4.1577109910408705,50,25
N050_V025_I060,ORTools,2933.3222430231194,0.49,4.12586535354274,50,25
N050_V025_I061,ORTools,2542.824073041893,0.02,4.158960545728876,50,25
N050_V025_I062,ORTools,2675.894333368747,0.01,4.170465601549835,50,25
N050_V025_I066,ORTools,2543.7228806211688,0.0,4.174603780617514,50,25
N050_V025_I081,ORTools,2899.185753804232,0.22,4.14882933143463,50,25
N050_V025_I093,ORTools,3072.9613702212305,0.51,4.114724236460165,50,25
N050_V025_I095,ORTools,3190.761705259638,0.63,4.122731652733077,50,25
N050_V025_I096,ORTools,2681.79252627219,0.0,4.172117754263891,50,25
N050_V025_I097,ORTools,3134.182896659042,0.48,4.124287763679929,50,25
N050_V038_I010,ORTools,3837.5796981400786,0.0,2.751962640157169,50,38
N050_V038_I012,ORTools,3767.7164871018595,0.0,2.7579707556647826,50,38
N050_V038_I026,ORTools,3415.6071697572797,0.0,2.7541661035275444,50,38
N050_V038_I032,ORTools,4076.1247639924313,0.17,2.7388431844158676,50,38
N050_V038_I037,ORTools,3906.3465446684436,0.21,2.7365088163833864,50,38
N050_V038_I046,ORTools,3927.269080211521,0.07,2.7354831474208714,50,38
N050_V038_I075,ORTools,4054.8874340670336,0.04,2.7376900186644577,50,38
N100_V025_I005,ORTools,4016.240139096957,1.03,8.244117211730636,100,25
N100_V025_I008,ORTools,3571.0990912701113,0.47,8.312746140676134,100,25
N100_V025_I018,ORTools,4814.345444811067,1.73,8.173112251941774,100,25
N100_V025_I027,ORTools,3993.716770187939,1.06,8.273902689485565,100,25
N100_V025_I029,ORTools,4090.208782572205,1.09,8.212953258352137,100,25
N100_V025_I057,ORTools,4148.629401148643,1.13,8.231731844510968,100,25
N100_V025_I059,ORTools,4049.153776132036,1.06,8.267613588564393,100,25
N100_V025_I071,ORTools,3009.5427027646165,0.06,8.326236398890629,100,25
N100_V025_I084,ORTools,3753.1411636405724,0.91,8.285966504128028,100,25
N100_V025_I099,ORTools,3512.4657358735817,0.5,8.297138239955707,100,25
N100_V050_I001,ORTools,5072.953524771941,0.03,4.173041333403883,100,50
N100_V050_I004,ORTools,5119.774366816278,0.0,4.185629521679392,100,50
N100_V050_I007,ORTools,5297.8806963480365,0.21,4.160481319807122,100,50
N100_V050_I009,ORTools,5034.749596640142,0.0,4.184029367455806,100,50
N100_V050_I011,ORTools,5095.696219973073,0.13,4.159167834592195,100,50
N100_V050_I021,ORTools,5095.685605950813,0.06,4.161938744261752,100,50
N100_V050_I023,ORTools,6069.447801827086,0.99,4.128402488818529,100,50
N100_V050_I030,ORTools,5305.645858543318,0.28,4.148570877308572,100,50
N100_V050_I038,ORTools,5801.5740372727905,0.66,4.1288098451350965,100,50
N100_V050_I048,ORTools,5074.327001526449,0.19,4.163446679605267,100,50
N100_V050_I053,ORTools,5126.471387959616,0.0,4.1737737082573005,100,50
N100_V050_I068,ORTools,5363.206661758964,0.07,4.160483876839013,100,50
N100_V050_I070,ORTools,5674.656725899744,0.48,4.170710155030765,100,50
N100_V050_I076,ORTools,5444.7850606155735,0.27,4.164435382300143,100,50
N100_V050_I088,ORTools,5267.945589616683,0.25,4.177823100100014,100,50
N100_V050_I092,ORTools,5511.86514991466,0.49,4.1422663259802865,100,50
N100_V050_I094,ORTools,5744.136113864938,0.52,4.143067785761727,100,50
N100_V050_I098,ORTools,5667.623538458775,0.54,4.146626693770512,100,50
N100_V050_I100,ORTools,5551.220260954505,0.64,4.149461558103244,100,50
N100_V075_I017,ORTools,7701.35206118658,0.24,2.785299171219106,100,75
N100_V075_I019,ORTools,7418.1034389899,0.02,2.7959588609291175,100,75
N100_V075_I020,ORTools,7299.577793618308,0.09,2.7693747522549286,100,75
N100_V075_I033,ORTools,7617.6241273370115,0.19,2.780819238105799,100,75
N100_V075_I035,ORTools,7718.001784211438,0.4,2.7697473693756396,100,75
N100_V075_I036,ORTools,7257.144917761237,0.2,2.7779772550570314,100,75
N100_V075_I047,ORTools,7554.054234072866,0.04,2.7866659740765116,100,75
N100_V075_I074,ORTools,7141.504635523653,0.0,2.7681193830473476,100,75
N100_V075_I082,ORTools,8033.890925763629,0.78,2.770710633580186,100,75
N020_V005_I042,Greedy,8922.357790925447,8.0,4.9457714345758,20,5
N020_V005_I043,Greedy,7223.651455245086,6.27,5.800179443872266,20,5
N020_V005_I067,Greedy,8521.288649952936,7.61,5.19394386614022,20,5
N020_V005_I077,Greedy,8520.891053490366,7.55,5.194327854093126,20,5
N020_V005_I086,Greedy,9968.611688636625,9.0,4.599274352690406,20,5
N020_V010_I002,Greedy,3095.8523292757,1.69,3.8205604609440518,20,10
N020_V010_I013,Greedy,5403.354482410356,4.0,3.361971149247563,20,10
N020_V010_I022,Greedy,3232.146350995636,2.0,3.7730744477815827,20,10
N020_V010_I024,Greedy,4233.023915922316,3.0,3.5344570536551996,20,10
N020_V010_I044,Greedy,2772.657839417987,1.39,3.856719214776717,20,10
N020_V010_I050,Greedy,3339.0026091005334,2.0,3.7406800892227405,20,10
N020_V010_I058,Greedy,3301.0772320872697,2.0,3.725794393071924,20,10
N020_V010_I063,Greedy,6170.433282115117,5.01,3.1031906089145007,20,10
N020_V010_I064,Greedy,5044.030548370168,3.52,3.435082420823974,20,10
N020_V010_I065,Greedy,5188.533814944283,3.64,3.454377939232102,20,10
N020_V010_I072,Greedy,6555.409632179759,4.94,3.1640313744340594,20,10
N020_V010_I078,Greedy,5415.893443484979,4.03,3.332501427412915,20,10
N020_V010_I079,Greedy,3420.3503043651726,2.05,3.6825519356602094,20,10
N020_V010_I083,Greedy,3262.281856122959,2.0,3.7746257750482903,20,10
N020_V010_I085,Greedy,5320.237968267117,3.96,3.3962543775599876,20,10
N020_V010_I090,Greedy,4270.036604635696,3.0,3.3651216664162686,20,10
N020_V010_I091,Greedy,4927.307974908874,3.49,3.4291530541854978,20,10
N020_V015_I006,Greedy,1349.2920931664821,0.03,2.3674735510049305,20,15
N020_V015_I045,Greedy,3409.0332095387553,2.01,2.1839513113595292,20,15
N020_V015_I049,Greedy,1664.3872406989562,0.03,2.5269335591612365,20,15
N020_V015_I051,Greedy,2714.5018961241417,1.0,2.3561239851029967,20,15
N020_V015_I055,Greedy,3554.7627776007885,2.0,2.2300208120081337,20,15
N020_V015_I069,Greedy,3342.9560711345375,1.88,2.241425385954133,20,15
N020_V015_I073,Greedy,1505.5946734235074,0.11,2.3529513567600207,20,15
N020_V015_I080,Greedy,2408.3900171362943,1.0,2.2114432483363164,20,15
N020_V015_I087,Greedy,1416.3868625881164,0.0,2.6235180090217884,20,15
N020_V015_I089,Greedy,2484.697205900684,1.08,2.3494226398107507,20,15
N050_V013_I025,Greedy,11238.632697921663,9.17,6.570307070105967,50,13
N050_V013_I052,Greedy,13666.07248570519,11.44,6.262155624365192,50,13
N050_V025_I003,Greedy,11155.761292890635,7.76,3.510052441605126,50,25
N050_V025_I014,Greedy,10156.688192129397,6.77,3.6085539269174647,50,25
N050_V025_I015,Greedy,10278.884441692247,7.0,3.566902559115695,50,25
N050_V025_I016,Greedy,12290.162561381874,8.87,3.450386016696657,50,25
N050_V025_I028,Greedy,10689.659579450123,6.99,3.620589392512584,50,25
N050_V025_I031,Greedy,9621.41607303136,6.44,3.601680032327321,50,25
N050_V025_I034,Greedy,12530.0357303343,9.05,3.4281945242528034,50,25
N050_V025_I039,Greedy,11093.52626619987,7.66,3.528660105099072,50,25
N050_V025_I040,Greedy,12701.485761550028,9.39,3.4005014290670434,50,25
N050_V025_I041,Greedy,15548.581474240471,12.03,3.145859037148227,50,25
N050_V025_I054,Greedy,11014.425045112434,7.75,3.447146012122368,50,25
N050_V025_I056,Greedy,12196.755656671443,8.93,3.4231266773495,50,25
N050_V025_I060,Greedy,7157.203324842149,4.22,3.8350430952576993,50,25
N050_V025_I061,Greedy,9061.369102444276,6.0,3.6724913943482513,50,25
N050_V025_I062,Greedy,14139.446211826145,10.9,3.233880770241952,50,25
N050_V025_I066,Greedy,12948.173877362879,9.67,3.3718473637654456,50,25
N050_V025_I081,Greedy,7054.922938827472,3.88,3.831905330334117,50,25
N050_V025_I093,Greedy,14934.36647469231,11.53,3.2336811648553225,50,25
N050_V025_I095,Greedy,10894.086161595173,7.52,3.4708664928845354,50,25
N050_V025_I096,Greedy,12467.784143449986,9.0,3.418806587442281,50,25
N050_V025_I097,Greedy,8959.32173968394,5.81,3.5792129079048136,50,25
N050_V038_I010,Greedy,6015.572472176526,2.0,2.3509611833008868,50,38
N050_V038_I012,Greedy,6651.861323091556,2.97,2.248440652457418,50,38
N050_V038_I026,Greedy,6457.285070829525,3.0,2.347087709681242,50,38
N050_V038_I032,Greedy,8699.114979933725,4.74,2.2048805408061214,50,38
N050_V038_I037,Greedy,7364.903328550453,3.66,2.268942850381773,50,38
N050_V038_I046,Greedy,5039.765927972273,1.0,2.452599301311471,50,38
N050_V038_I075,Greedy,7154.138622670032,3.0,2.347724665099287,50,38
N100_V025_I005,Greedy,32178.982186641642,28.04,5.956086388459248,100,25
N100_V025_I008,Greedy,42562.17330767056,38.01,5.187184439551039,100,25
N100_V025_I018,Greedy,28274.943224160015,24.13,6.319811680068997,100,25
N100_V025_I027,Greedy,33134.54581006072,28.97,5.941299447509631,100,25
N100_V025_I029,Greedy,44931.83410882882,40.53,4.953482852889103,100,25
N100_V025_I057,Greedy,28021.436687615154,24.0,6.36562432319876,100,25
N100_V025_I059,Greedy,37153.734386783915,32.98,5.593381267753797,100,25
N100_V025_I071,Greedy,35866.55885203847,31.55,5.7480579846944435,100,25
N100_V025_I084,Greedy,42605.9610809569,38.32,5.137629206870789,100,25
N100_V025_I099,Greedy,38436.68006718289,34.13,5.513494105273078,100,25
N100_V050_I001,Greedy,14514.208413245688,7.97,3.822659148336978,100,50
N100_V050_I004,Greedy,15426.527399123197,9.0,3.76920382165919,100,50
N100_V050_I007,Greedy,17546.8028547844,11.09,3.7017601511009697,100,50
N100_V050_I009,Greedy,20681.40081672518,14.15,3.5700297497419737,100,50
N100_V050_I011,Greedy,25789.488943819506,19.13,3.392901509035455,100,50
N100_V050_I021,Greedy,26392.683682359686,19.95,3.3509578832471796,100,50
N100_V050_I023,Greedy,18720.1664269797,12.24,3.6681225359956042,100,50
N100_V050_I030,Greedy,23110.32082555274,16.6,3.445699042397174,100,50
N100_V050_I038,Greedy,24472.692706113237,17.88,3.43200978290518,100,50
N100_V050_I048,Greedy,20799.30968531348,14.54,3.5446399060996487,100,50
N100_V050_I053,Greedy,26223.947843405116,19.51,3.365185169116467,100,50
N100_V050_I068,Greedy,18654.766276162216,12.18,3.648877268585843,100,50
N100_V050_I070,Greedy,14205.211672249356,7.63,3.856843333122159,100,50
N100_V050_I076,Greedy,23139.39973091883,16.28,3.496901236177716,100,50
N100_V050_I088,Greedy,20882.59128576993,14.83,3.497912030949147,100,50
N100_V050_I092,Greedy,21148.013098858835,14.59,3.544363007739863,100,50
N100_V050_I094,Greedy,24621.20996507183,18.0,3.4156138212843996,100,50
N100_V050_I098,Greedy,21344.76322465118,14.95,3.5594306235864424,100,50
N100_V050_I100,Greedy,26641.351857946018,20.34,3.3385880233840357,100,50
N100_V075_I017,Greedy,15593.187117912801,7.89,2.3971286475396028,100,75
N100_V075_I019,Greedy,11451.316579934219,3.92,2.3578046962163035,100,75
N100_V075_I020,Greedy,10222.245772779594,3.11,2.3511226207121316,100,75
N100_V075_I033,Greedy,14700.564916862215,7.0,2.382763274548281,100,75
N100_V075_I035,Greedy,13903.124907567368,6.0,2.3435063844436024,100,75
N100_V075_I036,Greedy,7717.866794301864,0.5,2.5644433809071465,100,75
N100_V075_I047,Greedy,11365.179787211022,4.01,2.342361663895943,100,75
N100_V075_I074,Greedy,12183.199060331775,5.04,2.2763001857345,100,75
N100_V075_I082,Greedy,14422.09202375111,6.61,2.400228283311552,100,75
N050_V025_I028,ADP,3455.710857563619,0.0,4.172228756246065,0,0
N100_V050_I048,ADP,6226.114431881272,0.2,4.129894050878681,0,0
N020_V010_I085,ADP,1307.1538963977641,0.0,4.1871022384675,0,0
N020_V010_I013,ADP,1341.5513389435782,0.0,4.1804039213254836,0,0
N020_V005_I077,ADP,2635.7125665586186,1.74,7.69248879985454,0,0
N020_V005_I086,ADP,3514.8469242997335,2.64,7.314448110312951,0,0
N020_V015_I089,ADP,2348.4056919362556,1.0,2.6764514609129737,0,0
N020_V010_I044,ADP,1369.0375532941441,0.0,4.16800551318673,0,0
N100_V075_I019,ADP,8338.008708541296,0.44,2.7786800155972458,0,0
N020_V010_I022,ADP,1712.6525579714712,0.52,4.083709881980589,0,0
N020_V015_I006,ADP,2399.0027932565517,1.0,2.633703851370613,0,0
N050_V025_I062,ADP,3173.1997998303846,0.02,4.152897595822889,0,0
N100_V025_I071,ADP,14177.24939274696,10.52,7.405713175027905,0,0
N020_V005_I042,ADP,2241.591939107393,1.32,7.795188245409743,0,0
N100_V075_I017,ADP,11822.163757692382,4.34,2.6543988170206054,0,0
N100_V050_I053,ADP,6190.823780337158,0.04,4.191480807412565,0,0
N050_V038_I026,ADP,6417.897739458849,3.0,2.5752789380711905,0,0
N100_V025_I099,ADP,12229.67427388041,8.34,7.614085640569621,0,0
N020_V010_I079,ADP,1408.2969415249952,0.02,4.162722884416653,0,0
N100_V050_I098,ADP,6430.958889663727,0.18,4.134127461642973,0,0
N050_V025_I016,ADP,3348.354251939861,0.02,4.192938574308852,0,0
N050_V025_I066,ADP,3637.3840273717437,0.54,4.098521871814369,0,0
N020_V010_I024,ADP,1234.3345890197552,0.0,4.1574504335131985,0,0
N050_V013_I052,ADP,4636.942962396601,2.58,7.674602397414112,0,0
N050_V038_I075,ADP,4519.902675667386,0.26,2.721543721595204,0,0
N050_V025_I093,ADP,3992.622102762429,0.84,4.065073111415888,0,0
N020_V015_I073,ADP,2448.4241047138275,1.0,2.613562280631222,0,0
N050_V025_I031,ADP,3237.590889590379,0.24,4.136196330432842,0,0
N020_V015_I069,ADP,3350.91774830616,2.0,2.5017847986538984,0,0
N020_V005_I043,ADP,3996.0641239373954,3.14,7.015876332638818,0,0
N020_V010_I063,ADP,1375.4173600217216,0.3,4.072821895995685,0,0
N050_V025_I039,ADP,3282.1758096724366,0.0,4.187251345366944,0,0
N100_V050_I021,ADP,6171.166946876103,0.02,4.1842629239133835,0,0
N100_V075_I035,ADP,9149.621837232586,1.24,2.7403152419606025,0,0
N020_V010_I065,ADP,1457.69658612153,0.0,4.096370957375733,0,0
N020_V010_I050,ADP,1240.163269584304,0.0,4.121756749494948,0,0
N100_V050_I088,ADP,6419.120536957119,0.38,4.140768411405257,0,0
N050_V025_I014,ADP,4015.321348464545,0.76,4.12368018004807,0,0
N100_V050_I094,ADP,6571.460589687228,0.24,4.138492504022448,0,0
N050_V038_I046,ADP,4428.244121771587,0.36,2.7319769014402673,0,0
N100_V075_I082,ADP,7795.122736694857,0.0,2.806380906555468,0,0
N100_V075_I020,ADP,11436.829065947517,3.98,2.65822260941465,0,0
N100_V050_I009,ADP,6633.761541945286,0.4,4.158213860405686,0,0
N100_V050_I030,ADP,6407.26579248139,0.0,4.188782256538339,0,0
N050_V025_I061,ADP,2915.1873119049096,0.0,4.168969227099925,0,0
N100_V025_I029,ADP,13850.02724239295,9.959999999999999,7.5184811797090525,0,0
N050_V038_I032,ADP,4130.0710923923325,0.04,2.761102837408594,0,0
N020_V015_I080,ADP,3497.721689044588,2.0,2.4734061174228943,0,0
N050_V013_I025,ADP,5992.528277456169,3.88,7.391395892330943,0,0
N100_V025_I059,ADP,10320.254337870234,6.34,7.863035119273622,0,0
N100_V075_I047,ADP,9477.775222315498,1.66,2.728002214817696,0,0
N020_V015_I055,ADP,1604.0826759252345,0.0,2.7518401915030166,0,0
N050_V025_I097,ADP,3125.0525777928124,0.0,4.150853942550972,0,0
N020_V010_I090,ADP,1214.1230927938786,0.0,4.178337363286838,0,0
N100_V025_I018,ADP,13154.251499177235,9.24,7.4801444306858365,0,0
N100_V050_I100,ADP,6102.11727897326,0.02,4.146129754174726,0,0
N100_V025_I005,ADP,13045.97332543469,9.22,7.587607803030465,0,0
N020_V010_I072,ADP,2458.889320515721,1.0,3.9751541960521566,0,0
N100_V025_I084,ADP,8038.519014518971,4.1,7.901848899529554,0,0
N100_V050_I001,ADP,6481.526891898846,0.0,4.168527010272107,0,0
N050_V038_I010,ADP,4037.129146849309,0.0,2.747970606231121,0,0
N100_V025_I057,ADP,14220.30158142622,10.34,7.431299961482922,0,0
N100_V050_I023,ADP,6242.612239265381,0.0,4.117980594528622,0,0
N020_V015_I087,ADP,2411.1210029155745,1.0,2.663501540330216,0,0
N020_V015_I045,ADP,3384.554432511786,2.0,2.5231428273612737,0,0
N050_V025_I015,ADP,4174.372859257866,1.0,4.091307199798216,0,0
N050_V038_I037,ADP,5325.359481707059,1.56,2.6621324797893915,0,0
N100_V050_I070,ADP,6448.512036115408,0.08,4.143064546646281,0,0
N020_V010_I091,ADP,1358.7603802827982,0.0,4.172633965040939,0,0
N100_V050_I068,ADP,6306.062362177176,0.0,4.178339034306301,0,0
N100_V050_I092,ADP,6376.757888071792,0.0,4.1844882514552015,0,0
N050_V038_I012,ADP,5772.854924034527,2.0,2.6584639931869796,0,0
N050_V025_I034,ADP,3376.7252161591714,0.0,4.153067628471981,0,0
N100_V050_I076,ADP,6323.082474920278,0.02,4.168994775642046,0,0
N020_V015_I051,ADP,2591.801382388885,1.0,2.597811660358679,0,0
N050_V025_I060,ADP,2982.2178469713954,0.0,4.157329178431139,0,0
N100_V075_I033,ADP,11787.382473934344,4.22,2.65197898283531,0,0
N020_V010_I083,ADP,1270.3348835850554,0.0,4.16971883377923,0,0
N050_V025_I040,ADP,3562.3697178825737,0.38,4.205705249693254,0,0
N100_V025_I008,ADP,11932.51728953246,7.84,7.671953095820333,0,0
N100_V050_I011,ADP,6272.797247212655,0.08,4.1448075336882155,0,0
N050_V025_I095,ADP,3239.39247063755,0.08,4.171924677699338,0,0
N020_V005_I067,ADP,2957.1316439741177,2.06,7.406727856188028,0,0
N100_V025_I027,ADP,14818.520251215483,10.82,7.4447771029539105,0,0
N050_V025_I096,ADP,3282.403704645094,0.02,4.184769782615634,0,0
N100_V075_I036,ADP,8873.367857164205,1.4,2.7386662234272703,0,0
N050_V025_I054,ADP,3196.88694374291,0.0,4.171111557113898,0,0
N020_V010_I064,ADP,1434.9343626355958,0.0,4.128911186807238,0,0
N100_V050_I038,ADP,6403.753510545518,0.14,4.18922270028559,0,0
N100_V050_I004,ADP,6347.625987067528,0.0,4.146176122709525,0,0
N050_V025_I041,ADP,3466.0129161538102,0.22,4.184787214435361,0,0
N050_V025_I003,ADP,3191.8602052226797,0.0,4.176343677370543,0,0
N100_V050_I007,ADP,6266.723090796403,0.0,4.152321606029793,0,0
N100_V075_I074,ADP,8369.105744342454,0.92,2.7521237590410292,0,0
N050_V025_I081,ADP,3191.492370341348,0.0,4.150223193678868,0,0
N020_V010_I078,ADP,2308.1533353879267,1.0,3.9815411584772935,0,0
N050_V025_I056,ADP,3311.5986502244655,0.0,4.144677957375422,0,0
N020_V010_I002,ADP,1413.0145679854584,0.0,4.201971607734749,0,0
N020_V015_I049,ADP,2668.165757241267,1.12,2.658345638160607,0,0
N020_V010_I058,ADP,1244.259059195052,0.0,4.123848617139339,0,0
N020_V005_I042,Genetic,5719.323502893651,4.57,6.47686080929353,0,0
N020_V005_I043,Genetic,5273.885933622798,3.88,6.716059883844407,0,0
N020_V005_I067,Genetic,4828.612104282042,3.85,6.752188578515122,0,0
N020_V005_I077,Genetic,6870.2672122953945,5.98,5.849550467215204,0,0
N020_V005_I086,Genetic,5699.80141255224,4.41,6.515956876340058,0,0
N020_V010_I002,Genetic,2241.331788962999,0.97,3.9402770668775964,0,0
N020_V010_I013,Genetic,1976.919057191085,0.62,4.0836077034008955,0,0
N020_V010_I022,Genetic,1274.1341835915575,0.0,4.191321545637819,0,0
N020_V010_I024,Genetic,3193.902518451685,2.0,3.731110789820038,0,0
N020_V010_I044,Genetic,2408.3129814005124,1.01,3.9119413631113846,0,0
N020_V010_I050,Genetic,2308.5353104459823,1.0,3.9369322880622075,0,0
N020_V010_I058,Genetic,2712.5877636130517,1.21,3.8865758178201135,0,0
N020_V010_I063,Genetic,3156.214763086934,1.81,3.784102307327912,0,0
N020_V010_I064,Genetic,1464.8617060713507,0.0,4.174900113751819,0,0
N020_V010_I065,Genetic,1489.791439217976,0.0,4.147924814699237,0,0
N020_V010_I072,Genetic,4081.21953629588,2.64,3.6047914504947194,0,0
N020_V010_I078,Genetic,2283.4950866257286,1.0,3.9631722392487134,0,0
N020_V010_I079,Genetic,2314.5714098826907,1.0,3.920128800321971,0,0
N020_V010_I083,Genetic,1459.9322976166848,0.14,4.172087166696015,0,0
N020_V010_I085,Genetic,1339.9120560515785,0.0,4.189096541961315,0,0
N020_V010_I090,Genetic,2218.1219613641906,1.0,3.9603741111461357,0,0
N020_V010_I091,Genetic,3038.4167900379753,1.36,3.912820554436026,0,0
N020_V015_I006,Genetic,1717.8370625624066,0.12,2.772492459572997,0,0
N020_V015_I045,Genetic,2471.3199372397153,1.0,2.629892490071915,0,0
N020_V015_I049,Genetic,1828.3738969304113,0.02,2.793173513417351,0,0
N020_V015_I051,Genetic,2655.6701611321732,1.0,2.662735372057015,0,0
N020_V015_I055,Genetic,1642.640643298753,0.0,2.7374087038242627,0,0
N020_V015_I069,Genetic,2511.886514743749,1.0,2.6179611838638994,0,0
N020_V015_I073,Genetic,1882.7139075507687,0.34,2.7400840637157793,0,0
N020_V015_I080,Genetic,4564.554253723113,3.0,2.3191477460108056,0,0
N020_V015_I087,Genetic,2423.916377464776,0.92,2.6205002466684193,0,0
N020_V015_I089,Genetic,2355.6551767778637,1.0,2.6254596689897665,0,0
N050_V013_I025,Genetic,7879.778926573794,5.67,7.074068948025614,0,0
N050_V013_I052,Genetic,10173.109261745429,7.49,6.772363937710757,0,0
N050_V025_I003,Genetic,6218.437044128446,3.0,3.919041315067104,0,0
N050_V025_I014,Genetic,6460.793357090315,2.98,3.9263138204585104,0,0
N050_V025_I015,Genetic,4607.581110722948,1.48,4.047111738833761,0,0
N050_V025_I016,Genetic,5987.420789334438,2.66,3.9334866777201984,0,0
N050_V025_I028,Genetic,7126.42422743693,3.72,3.8666643551902005,0,0
N050_V025_I031,Genetic,7728.283260446368,4.55,3.798935600057138,0,0
N050_V025_I034,Genetic,3674.871717963829,0.28,4.149791350686624,0,0
N050_V025_I039,Genetic,4149.346885056063,0.72,4.121951354872265,0,0
N050_V025_I040,Genetic,5490.746960508319,2.16,3.997667143944919,0,0
N050_V025_I041,Genetic,4283.374954627419,1.0,4.082821799161857,0,0
N050_V025_I054,Genetic,5258.838672100604,2.01,4.02817939755761,0,0
N050_V025_I056,Genetic,3545.0234105558425,0.21,4.13624544449592,0,0
N050_V025_I060,Genetic,3981.887123747319,0.93,4.089652973807359,0,0
N050_V025_I061,Genetic,2995.2106319745503,0.0,4.177530762356788,0,0
N050_V025_I062,Genetic,4717.062525860041,1.28,4.058083136812629,0,0
N050_V025_I066,Genetic,5654.324192289688,2.39,3.9857148833588707,0,0
N050_V025_I081,Genetic,4144.450302748326,0.83,4.105108242321909,0,0
N050_V025_I093,Genetic,7077.490979774457,3.99,3.8617137284186547,0,0
N050_V025_I095,Genetic,6767.88653091161,3.59,3.8405138064337265,0,0
N050_V025_I096,Genetic,6240.778560317874,2.86,3.9187483097753337,0,0
N050_V025_I097,Genetic,5846.504635078213,2.56,3.9540553384732338,0,0
N050_V038_I010,Genetic,4204.3739817567775,0.0,2.7526741205825753,0,0
N050_V038_I012,Genetic,5897.358912391994,2.01,2.6273508851389153,0,0
N050_V038_I026,Genetic,4725.4914278875785,1.0,2.679597168608376,0,0
N050_V038_I032,Genetic,4773.529186121889,0.34,2.7197190249745162,0,0
N050_V038_I037,Genetic,4828.451949903271,1.0,2.695316647001637,0,0
N050_V038_I046,Genetic,4210.133680891508,0.0,2.7205201664590137,0,0
N050_V038_I075,Genetic,4369.612889565994,0.0,2.7449733990618337,0,0
N100_V025_I005,Genetic,23163.44965993944,18.95,6.781465987612631,0,0
N100_V025_I008,Genetic,20421.376141357385,16.19,6.948907190359499,0,0
N100_V025_I018,Genetic,21885.665856331187,17.69,6.848496317912637,0,0
N100_V025_I027,Genetic,25997.987412923296,21.27,6.574615363772004,0,0
N100_V025_I029,Genetic,26983.311405432698,22.75,6.432060444188538,0,0
N100_V025_I057,Genetic,23424.28190309746,19.2,6.726866976492516,0,0
N100_V025_I059,Genetic,20543.28762585118,16.09,7.001026221153643,0,0
N100_V025_I071,Genetic,24941.147724159506,21.07,6.6493312956223765,0,0
N100_V025_I084,Genetic,15686.586044943042,11.47,7.3365785286679,0,0
N100_V025_I099,Genetic,24810.764697688886,20.52,6.638237709030187,0,0
N100_V050_I001,Genetic,7939.4579233041195,1.48,4.100552142909509,0,0
N100_V050_I004,Genetic,7765.453602018204,1.28,4.11885316293778,0,0
N100_V050_I007,Genetic,7503.082761456769,1.16,4.116229478575402,0,0
N100_V050_I009,Genetic,11517.30445363072,4.89,3.9604234254350104,0,0
N100_V050_I011,Genetic,9336.214512736693,3.05,4.045742735279785,0,0
N100_V050_I021,Genetic,6396.273402755028,0.21,4.15661996290007,0,0
N100_V050_I023,Genetic,8940.237562767536,2.58,4.058588996977926,0,0
N100_V050_I030,Genetic,6581.9347282832905,0.09,4.168568353915412,0,0
N100_V050_I038,Genetic,8106.27164333374,1.63,4.095025478990775,0,0
N100_V050_I048,Genetic,9126.090041130283,3.03,4.064343126918496,0,0
N100_V050_I053,Genetic,10897.931109391582,4.22,3.982315683543755,0,0
N100_V050_I068,Genetic,6812.979462191687,0.2,4.179334071099377,0,0
N100_V050_I070,Genetic,10987.54599071627,4.42,3.9988321530833293,0,0
N100_V050_I076,Genetic,10378.665094791702,4.11,3.998150562564033,0,0
N100_V050_I088,Genetic,8692.51408382156,2.35,4.0738518341347065,0,0
N100_V050_I092,Genetic,10963.162755384234,4.16,4.0006302108789376,0,0
N100_V050_I094,Genetic,10930.314047873206,4.3,3.9881177704233264,0,0
N100_V050_I098,Genetic,10778.71806821928,4.03,3.991578458106109,0,0
N100_V050_I100,Genetic,11587.465124442158,5.16,3.951040128908741,0,0
N100_V075_I017,Genetic,8004.098438713916,0.0,2.76936292353836,0,0
N100_V075_I019,Genetic,8074.652427145363,0.0,2.7838249420453605,0,0
N100_V075_I020,Genetic,9704.028309901507,2.09,2.73611375767066,0,0
N100_V075_I033,Genetic,10018.119927840353,1.99,2.730937438898655,0,0
N100_V075_I035,Genetic,8846.089121820969,0.27,2.7751582382326543,0,0
N100_V075_I036,Genetic,7673.837545631387,0.0,2.791017506420326,0,0
N100_V075_I047,Genetic,8182.541464540686,0.0,2.7861163748611726,0,0
N100_V075_I074,Genetic,7715.648951209217,0.01,2.7854232303796977,0,0
N100_V075_I082,Genetic,8148.653157048787,0.0,2.77976971179597,0,0
N020_V005_I042,MCTS,8706.834086525058,7.52,52.81178277387018,0,0
N020_V005_I043,MCTS,9932.918391638019,9.07,30.829086089151737,0,0
N020_V005_I067,MCTS,6646.611102344932,5.29,49.14438582147232,0,0
N020_V005_I077,MCTS,8896.391399094611,7.8,64.34912251081299,0,0
N020_V005_I086,MCTS,5293.55588399412,4.11,56.69673593767664,0,0
N020_V010_I002,MCTS,15039.62524326046,14.29,13.455541265201063,0,0
N020_V010_I013,MCTS,13532.863585666471,12.83,11.246046897232366,0,0
N020_V010_I022,MCTS,15292.182916252445,14.97,4.577595870544265,0,0
N020_V010_I024,MCTS,16397.526867408356,15.83,3.3634529390369234,0,0
N020_V010_I044,MCTS,13441.375186793623,12.63,8.805781516304492,0,0
N020_V010_I050,MCTS,15847.219754675845,15.36,4.702091579375227,0,0
N020_V010_I058,MCTS,13984.772877081927,12.93,11.392797023669077,0,0
N020_V010_I063,MCTS,13581.682568369844,12.9,7.607571320499757,0,0
N020_V010_I064,MCTS,10598.107796768723,9.71,12.816805625603598,0,0
N020_V010_I065,MCTS,8779.58728433171,7.7,28.221039608454902,0,0
N020_V010_I072,MCTS,9126.333209718352,7.84,25.051804724486278,0,0
N020_V010_I078,MCTS,14008.7241335421,13.16,5.658251134281035,0,0
N020_V010_I079,MCTS,13768.754493945653,13.22,6.365124095079143,0,0
N020_V010_I083,MCTS,13529.051748588769,13.04,6.434863111032701,0,0
N020_V010_I085,MCTS,13242.890472175426,12.21,8.169192664559416,0,0
N020_V010_I090,MCTS,16127.473699122256,15.49,3.5966729669915947,0,0
N020_V010_I091,MCTS,11572.021592400277,10.73,10.73085392160592,0,0
N020_V015_I006,MCTS,13090.38740341799,12.13,13.218467386605825,0,0
N020_V015_I045,MCTS,15632.85651927194,14.66,4.309102392363449,0,0
N020_V015_I049,MCTS,12191.30029769704,11.17,7.277107388017769,0,0
N020_V015_I051,MCTS,10297.545418200812,8.92,23.10532146713244,0,0
N020_V015_I055,MCTS,16486.225453600593,15.76,3.024675686299483,0,0
N020_V015_I069,MCTS,17120.719397463527,16.68,2.9418849006170866,0,0
N020_V015_I073,MCTS,13869.91938309464,12.91,5.521475187352086,0,0
N020_V015_I080,MCTS,17599.193001555792,16.93,3.156515442235244,0,0
N020_V015_I087,MCTS,18071.43566754056,17.54,1.3790503696373746,0,0
N020_V015_I089,MCTS,15788.96864993163,15.37,2.542991133287587,0,0
N050_V013_I025,MCTS,18692.969249298756,15.95,53.3075865640122,0,0
N050_V013_I052,MCTS,22824.376303317884,20.42,54.63993459930136,0,0
N050_V025_I003,MCTS,23096.139920403184,20.44,30.281705175660743,0,0
N050_V025_I014,MCTS,17236.320010285697,13.43,43.60700208310378,0,0
N050_V025_I015,MCTS,19575.14098187238,16.68,40.22828392673899,0,0
N050_V025_I016,MCTS,25710.83752221232,23.1,24.774128955844667,0,0
N050_V025_I028,MCTS,16243.42492980342,12.02,50.582964169443336,0,0
N050_V025_I031,MCTS,22463.401689320453,19.61,34.11169148008248,0,0
N050_V025_I034,MCTS,19321.584861564395,15.69,35.84608758473025,0,0
N050_V025_I039,MCTS,24333.881294977175,21.48,22.82049848857711,0,0
N050_V025_I040,MCTS,25546.01359082816,23.3,24.861916272696977,0,0
N050_V025_I041,MCTS,20975.49934391899,17.46,37.29158026486542,0,0
N050_V025_I054,MCTS,20719.659116683273,18.02,29.5507365994532,0,0
N050_V025_I056,MCTS,26318.979647076303,24.28,16.70959089860351,0,0
N050_V025_I060,MCTS,20983.334740700167,17.95,30.468493402228752,0,0
N050_V025_I061,MCTS,13144.235084435333,10.02,35.83984406878626,0,0
N050_V025_I062,MCTS,19677.833469659497,16.71,35.91939654772338,0,0
N050_V025_I066,MCTS,25865.415430206824,22.67,30.03510624397862,0,0
N050_V025_I081,MCTS,19175.07525270841,15.83,35.19809510161067,0,0
N050_V025_I093,MCTS,19268.7918495762,15.58,45.38311207521615,0,0
N050_V025_I095,MCTS,26335.38877876786,23.89,25.84219932591284,0,0
N050_V025_I096,MCTS,23033.688392881275,20.4,30.361226229868144,0,0
N050_V025_I097,MCTS,20125.496746267625,17.34,29.006287259127824,0,0
N050_V038_I010,MCTS,35075.98854977519,33.11,9.21245136188328,0,0
N050_V038_I012,MCTS,26931.8420441949,24.03,21.52755458857314,0,0
N050_V038_I026,MCTS,23519.945292556713,20.29,18.54786120688898,0,0
N050_V038_I032,MCTS,28973.102328409677,26.93,15.831970849478033,0,0
N050_V038_I037,MCTS,28569.091086422653,26.09,16.449600621588605,0,0
N050_V038_I046,MCTS,29947.478287361748,27.46,15.911540950941589,0,0
N050_V038_I075,MCTS,27047.20986658106,25.09,17.976863359066638,0,0
N100_V025_I005,MCTS,39869.40015159782,34.91,63.900661756370745,0,0
N100_V025_I008,MCTS,38755.62129789406,33.43,70.17801438240652,0,0
N100_V025_I018,MCTS,32538.754295983566,26.84,68.01448137862423,0,0
N100_V025_I027,MCTS,40454.62001556517,35.71,65.43248046196578,0,0
N100_V025_I029,MCTS,37805.303422909645,32.8,69.66743515265414,0,0
N100_V025_I057,MCTS,42086.1107306261,36.97,69.53172897074396,0,0
N100_V025_I059,MCTS,38818.86960929062,33.85,67.22306417226413,0,0
N100_V025_I071,MCTS,45219.04900310726,40.65,67.00482002867379,0,0
N100_V025_I084,MCTS,47562.37428998228,43.16,63.71056156479011,0,0
N100_V025_I099,MCTS,37557.53040275957,32.61,64.04990123780216,0,0
N100_V050_I001,MCTS,33657.17803228482,26.13,49.341360967554955,0,0
N100_V050_I004,MCTS,26152.991108668488,19.48,49.00126280969766,0,0
N100_V050_I007,MCTS,27662.58692660443,20.92,48.51552402215157,0,0
N100_V050_I009,MCTS,28016.746495622974,21.04,46.19283627055419,0,0
N100_V050_I011,MCTS,38085.378546834254,31.83,48.17427030119387,0,0
N100_V050_I021,MCTS,33522.83905149408,27.09,47.06375206360393,0,0
N100_V050_I023,MCTS,34626.24099300445,28.34,45.50957596286901,0,0
N100_V050_I030,MCTS,29753.23753948207,23.01,48.57546860668304,0,0
N100_V050_I038,MCTS,34898.97363987874,28.14,48.99358137394227,0,0
N100_V050_I048,MCTS,28782.783942943144,22.51,49.11767425010012,0,0
N100_V050_I053,MCTS,27618.137417527065,20.57,47.72420669334195,0,0
N100_V050_I068,MCTS,26026.07114588419,18.93,50.24895716396037,0,0
N100_V050_I070,MCTS,30835.644657323635,23.96,50.43919694193478,0,0
N100_V050_I076,MCTS,31409.88712275387,24.34,46.41324289589019,0,0
N100_V050_I088,MCTS,24633.334468171095,17.33,45.499216082664795,0,0
N100_V050_I092,MCTS,26473.10894892444,19.28,45.816417796801645,0,0
N100_V050_I094,MCTS,32464.955738019256,25.74,49.98259276165224,0,0
N100_V050_I098,MCTS,30135.41075227221,22.52,51.067147251127984,0,0
N100_V050_I100,MCTS,34326.7193268729,27.54,47.861495041243046,0,0
N100_V075_I017,MCTS,29614.736662706433,22.21,39.2942611322225,0,0
N100_V075_I019,MCTS,28102.324597877872,21.09,37.09362417688103,0,0
N100_V075_I020,MCTS,38397.67141660581,31.53,28.02820904396105,0,0
N100_V075_I033,MCTS,34353.30836482931,26.77,34.560493056430104,0,0
N100_V075_I035,MCTS,28522.01907512521,20.42,39.8808352193946,0,0
N100_V075_I036,MCTS,36317.20883950053,29.73,29.83744398308865,0,0
N100_V075_I047,MCTS,37316.193339384205,30.97,31.619689730512313,0,0
N100_V075_I074,MCTS,34509.58210829306,28.09,30.27568935759175,0,0
N100_V075_I082,MCTS,29812.86679486714,21.96,36.26386821933442,0,0
N020_V005_I042,MCTS_Improved,4072.504336113524,2.88,67.20811916545964,0,0
N020_V005_I043,MCTS_Improved,5667.955810394907,4.57,61.71874527866096,0,0
N020_V005_I067,MCTS_Improved,4303.072316455889,3.19,67.94269700786926,0,0
N020_V005_I077,MCTS_Improved,4767.202756914945,3.57,69.50134639830381,0,0
N020_V005_I086,MCTS_Improved,4508.742569099578,3.03,61.27597599726413,0,0
N020_V010_I002,MCTS_Improved,7940.2164364883465,6.13,44.77373664880492,0,0
N020_V010_I013,MCTS_Improved,7281.420861230449,6.11,38.721343005282854,0,0
N020_V010_I022,MCTS_Improved,6913.51614308185,5.59,35.199312923233826,0,0
N020_V010_I024,MCTS_Improved,7842.1118268768205,6.76,24.153834607824667,0,0
N020_V010_I044,MCTS_Improved,7082.334704672972,5.72,41.83913305835965,0,0
N020_V010_I050,MCTS_Improved,7743.184756208587,6.28,38.367361748079965,0,0
N020_V010_I058,MCTS_Improved,6941.339026603817,5.09,30.905281157293267,0,0
N020_V010_I063,MCTS_Improved,9969.548047113349,8.93,23.443445375597815,0,0
N020_V010_I064,MCTS_Improved,5480.293166526206,4.01,53.02598634185799,0,0
N020_V010_I065,MCTS_Improved,6585.423921838178,5.01,48.69056849184133,0,0
N020_V010_I072,MCTS_Improved,6978.632442887358,5.63,43.10744352139475,0,0
N020_V010_I078,MCTS_Improved,5635.78740004825,4.26,37.71965810095923,0,0
N020_V010_I079,MCTS_Improved,6694.7867788205485,5.19,44.784206022479204,0,0
N020_V010_I083,MCTS_Improved,5318.622541240138,3.81,38.971410823877235,0,0
N020_V010_I085,MCTS_Improved,6424.610202515063,4.4,54.370385976535204,0,0
N020_V010_I090,MCTS_Improved,7048.531993995298,5.67,44.30097495897927,0,0
N020_V010_I091,MCTS_Improved,4015.077201765222,2.49,51.91568140535588,0,0
N020_V015_I006,MCTS_Improved,9092.515229689061,7.81,20.332762444246036,0,0
N020_V015_I045,MCTS_Improved,11462.99129664653,10.01,18.5287055402423,0,0
N020_V015_I049,MCTS_Improved,9734.76759565524,8.4,29.72445698834061,0,0
N020_V015_I051,MCTS_Improved,9760.416179599535,8.5,25.427192229305724,0,0
N020_V015_I055,MCTS_Improved,9131.082824147445,7.65,23.73375529661362,0,0
N020_V015_I069,MCTS_Improved,14780.763862094163,13.87,13.125853353695552,0,0
N020_V015_I073,MCTS_Improved,9606.673753945162,8.36,22.365441351919728,0,0
N020_V015_I080,MCTS_Improved,16430.104135048427,15.86,7.211427474796546,0,0
N020_V015_I087,MCTS_Improved,11388.69244931754,10.18,12.22997417178658,0,0
N020_V015_I089,MCTS_Improved,14130.289331661532,13.43,13.717144991629757,0,0
N050_V013_I025,MCTS_Improved,13074.15489123351,10.36,64.57597205428341,0,0
N050_V013_I052,MCTS_Improved,10507.209706658108,7.97,70.40533140839581,0,0
N050_V025_I003,MCTS_Improved,26027.062578243964,24.48,20.8804500172246,0,0
N050_V025_I014,MCTS_Improved,16884.11183894759,13.58,46.77493633341925,0,0
N050_V025_I015,MCTS_Improved,21859.39182910282,18.98,30.43087760301199,0,0
N050_V025_I016,MCTS_Improved,14514.885556867444,10.41,56.227167637125255,0,0
N050_V025_I028,MCTS_Improved,13471.848798097806,9.3,58.92967996261943,0,0
N050_V025_I031,MCTS_Improved,15920.376807812683,12.59,39.166671960553,0,0
N050_V025_I034,MCTS_Improved,16544.908172627496,13.19,44.5753290067942,0,0
N050_V025_I039,MCTS_Improved,15912.613105677668,12.33,48.4790048659769,0,0
N050_V025_I040,MCTS_Improved,19316.23789244653,16.47,39.88745682296347,0,0
N050_V025_I041,MCTS_Improved,15432.257013232542,12.16,47.46144867262943,0,0
N050_V025_I054,MCTS_Improved,17585.903468038938,14.76,35.865015858543416,0,0
N050_V025_I056,MCTS_Improved,16321.020341613365,13.5,46.132000768183936,0,0
N050_V025_I060,MCTS_Improved,15111.716178467816,12.23,37.55922314173224,0,0
N050_V025_I061,MCTS_Improved,16192.377687281434,13.15,43.104695621677536,0,0
N050_V025_I062,MCTS_Improved,14329.715607213282,11.68,40.00868865851102,0,0
N050_V025_I066,MCTS_Improved,17763.705418541635,13.93,51.87208690087481,0,0
N050_V025_I081,MCTS_Improved,16283.902263342383,13.13,38.82928872307347,0,0
N050_V025_I093,MCTS_Improved,17227.734904935995,13.49,48.08927561549822,0,0
N050_V025_I095,MCTS_Improved,15082.27971712286,12.48,32.53242450013286,0,0
N050_V025_I096,MCTS_Improved,16885.36824620334,13.82,43.393934631028955,0,0
N050_V025_I097,MCTS_Improved,16367.515995520147,13.71,34.60765426564546,0,0
N050_V038_I010,MCTS_Improved,23905.61863621055,21.16,26.114477087581278,0,0
N050_V038_I012,MCTS_Improved,20753.55598765864,17.98,26.44347858352156,0,0
N050_V038_I026,MCTS_Improved,22283.120576936173,19.01,20.603527870507353,0,0
N050_V038_I032,MCTS_Improved,28283.900098369748,25.86,19.60332752072553,0,0
N050_V038_I037,MCTS_Improved,33358.49895290992,31.55,13.043932828018251,0,0
N050_V038_I046,MCTS_Improved,24682.379956118537,22.53,22.159106664323236,0,0
N050_V038_I075,MCTS_Improved,26087.498736061156,23.76,23.97314435010999,0,0
N100_V025_I005,MCTS_Improved,25593.39487802058,21.14,63.736653682342784,0,0
N100_V025_I008,MCTS_Improved,25815.381233544256,20.93,69.8379244352537,0,0
N100_V025_I018,MCTS_Improved,31336.106885976023,27.07,55.61684738095518,0,0
N100_V025_I027,MCTS_Improved,24626.533325474335,19.76,67.9023321288266,0,0
N100_V025_I029,MCTS_Improved,32932.85578308886,28.72,48.74583138757082,0,0
N100_V025_I057,MCTS_Improved,21262.891439755607,17.04,64.14917928148252,0,0
N100_V025_I059,MCTS_Improved,24445.2351784571,19.8,71.42854983397972,0,0
N100_V025_I071,MCTS_Improved,26483.596297136515,22.33,58.14459562207772,0,0
N100_V025_I084,MCTS_Improved,42678.28644262878,38.26,65.60302921082275,0,0
N100_V025_I099,MCTS_Improved,27641.05273576665,22.98,57.04703901990848,0,0
N100_V050_I001,MCTS_Improved,29238.887603677096,22.43,47.844633767815246,0,0
N100_V050_I004,MCTS_Improved,30818.76473284527,24.71,48.70474588069005,0,0
N100_V050_I007,MCTS_Improved,47049.72608563206,42.69,26.907601054639834,0,0
N100_V050_I009,MCTS_Improved,30904.957645771014,25.24,36.58933779096019,0,0
N100_V050_I011,MCTS_Improved,30552.401219252017,24.09,51.62930892602387,0,0
N100_V050_I021,MCTS_Improved,35170.08428180967,29.26,50.239777111999665,0,0
N100_V050_I023,MCTS_Improved,29680.107244576255,23.24,45.12379949261151,0,0
N100_V050_I030,MCTS_Improved,29048.527540807718,22.61,49.21986290437841,0,0
N100_V050_I038,MCTS_Improved,34040.44028985708,28.05,49.280516236295334,0,0
N100_V050_I048,MCTS_Improved,29103.857249768123,23.54,37.08696595194631,0,0
N100_V050_I053,MCTS_Improved,53146.2579578579,48.89,18.114212641714456,0,0
N100_V050_I068,MCTS_Improved,30862.75916585487,24.45,43.147767201341956,0,0
N100_V050_I070,MCTS_Improved,33132.65535183126,27.5,35.45661182586613,0,0
N100_V050_I076,MCTS_Improved,50000.4618310318,45.54,20.7250049044749,0,0
N100_V050_I088,MCTS_Improved,61521.662058453614,57.83,12.29498424534476,0,0
N100_V050_I092,MCTS_Improved,39008.2116589818,34.5,26.916814360587622,0,0
N100_V050_I094,MCTS_Improved,41173.053288691175,36.31,36.69446857839009,0,0
N100_V050_I098,MCTS_Improved,33411.05300695433,26.87,47.31780328075141,0,0
N100_V050_I100,MCTS_Improved,30481.184706695625,24.24,44.02507819375833,0,0
N100_V075_I017,MCTS_Improved,70854.00017237403,67.72,11.730226975588977,0,0
N100_V075_I019,MCTS_Improved,65437.41101843936,61.88,13.473410794013784,0,0
N100_V075_I020,MCTS_Improved,81334.44633347358,78.49,7.132333894222745,0,0
N100_V075_I033,MCTS_Improved,69711.27070080311,66.72,11.029537256449306,0,0
N100_V075_I035,MCTS_Improved,74161.20851909212,70.31,11.125673819629846,0,0
N100_V075_I036,MCTS_Improved,67900.96625876124,65.44,8.902100956796025,0,0
N100_V075_I047,MCTS_Improved,59712.44126780722,56.07,15.173160375847678,0,0
N100_V075_I074,MCTS_Improved,69576.62974521688,66.31,9.322643275964506,0,0
N100_V075_I082,MCTS_Improved,70298.45432327567,67.19,8.742092818807372,0,0
N020_V005_I042,MCTS_Hybrid,4113.035471441147,2.97,67.89801344307841,0,0
N020_V005_I043,MCTS_Hybrid,5304.205757275077,4.26,59.11258509536276,0,0
N020_V005_I067,MCTS_Hybrid,4914.926193664831,3.91,68.46888029524504,0,0
N020_V005_I077,MCTS_Hybrid,4729.595456675432,3.53,70.80506391256421,0,0
N020_V005_I086,MCTS_Hybrid,3942.737248221324,2.74,63.20485535590521,0,0
N020_V010_I002,MCTS_Hybrid,5438.616606294225,4.01,49.039036064983506,0,0
N020_V010_I013,MCTS_Hybrid,5970.425763583405,4.47,38.11032253295121,0,0
N020_V010_I022,MCTS_Hybrid,5704.586078069193,3.96,38.13810797139966,0,0
N020_V010_I024,MCTS_Hybrid,6233.530235268499,4.78,31.641723055093134,0,0
N020_V010_I044,MCTS_Hybrid,4160.028700173997,2.57,45.432990429981864,0,0
N020_V010_I050,MCTS_Hybrid,5564.664889834097,4.04,37.39897142352924,0,0
N020_V010_I058,MCTS_Hybrid,5569.572600678743,3.98,41.43483410314861,0,0
N020_V010_I063,MCTS_Hybrid,8213.49539286287,6.65,29.055134214373656,0,0
N020_V010_I064,MCTS_Hybrid,5149.204171936497,3.37,55.06490271662815,0,0
N020_V010_I065,MCTS_Hybrid,4929.016897842609,3.35,51.01282200718482,0,0
N020_V010_I072,MCTS_Hybrid,5438.8522006640305,3.76,49.038372525760074,0,0
N020_V010_I078,MCTS_Hybrid,4555.032210326941,2.87,44.45456137114514,0,0
N020_V010_I079,MCTS_Hybrid,5248.243590579869,3.41,46.0796037334873,0,0
N020_V010_I083,MCTS_Hybrid,5054.376851116772,3.65,43.43640566514848,0,0
N020_V010_I085,MCTS_Hybrid,5500.948606991828,3.88,54.42156691177554,0,0
N020_V010_I090,MCTS_Hybrid,5832.120549660849,4.46,46.75019887470623,0,0
N020_V010_I091,MCTS_Hybrid,3868.441176890524,2.41,50.555994421508956,0,0
N020_V015_I006,MCTS_Hybrid,6846.2165658643335,5.02,28.383133080123805,0,0
N020_V015_I045,MCTS_Hybrid,10879.78210835897,9.05,19.925745573232984,0,0
N020_V015_I049,MCTS_Hybrid,8433.407920244152,6.53,26.48532851528428,0,0
N020_V015_I051,MCTS_Hybrid,6556.6390094571925,4.49,33.964117311560955,0,0
N020_V015_I055,MCTS_Hybrid,8592.397534243151,6.93,25.330647136781113,0,0
N020_V015_I069,MCTS_Hybrid,12255.14203656592,10.95,12.34244330623314,0,0
N020_V015_I073,MCTS_Hybrid,6992.438730266366,5.15,25.56582863525084,0,0
N020_V015_I080,MCTS_Hybrid,10620.968813982605,7.98,17.177815119032612,0,0
N020_V015_I087,MCTS_Hybrid,9576.943873697535,8.07,13.147583004818683,0,0
N020_V015_I089,MCTS_Hybrid,11223.779962107605,9.05,17.15568487981209,0,0
N050_V013_I025,MCTS_Hybrid,13925.40926369311,11.6,60.08300287554413,0,0
N050_V013_I052,MCTS_Hybrid,10153.99274879656,7.48,67.2254641494514,0,0
N050_V025_I003,MCTS_Hybrid,20871.736876983578,17.94,25.760705105258356,0,0
N050_V025_I014,MCTS_Hybrid,13032.561165530346,8.62,50.366355727023645,0,0
N050_V025_I015,MCTS_Hybrid,15344.332396479964,11.32,44.24783977568047,0,0
N050_V025_I016,MCTS_Hybrid,11661.97966161726,7.59,56.72907602276401,0,0
N050_V025_I028,MCTS_Hybrid,11014.578169889388,6.52,57.54053862461777,0,0
N050_V025_I031,MCTS_Hybrid,12183.414966329374,7.82,43.076473497880635,0,0
N050_V025_I034,MCTS_Hybrid,12571.23142281426,8.55,48.54092281327287,0,0
N050_V025_I039,MCTS_Hybrid,13531.362631725435,9.83,49.26667194345806,0,0
N050_V025_I040,MCTS_Hybrid,15231.504119643934,11.66,42.20353909958574,0,0
N050_V025_I041,MCTS_Hybrid,11283.47575342035,7.21,47.889910755627135,0,0
N050_V025_I054,MCTS_Hybrid,11470.454338766427,7.29,42.903392307565156,0,0
N050_V025_I056,MCTS_Hybrid,13545.809112246825,9.98,41.12115021778523,0,0
N050_V025_I060,MCTS_Hybrid,11667.219953281927,8.04,38.519307547741384,0,0
N050_V025_I061,MCTS_Hybrid,11419.20678357508,8.07,43.58946023474055,0,0
N050_V025_I062,MCTS_Hybrid,14829.429803807661,11.54,43.59312478936553,0,0
N050_V025_I066,MCTS_Hybrid,17027.31611736425,13.19,53.065084990630375,0,0
N050_V025_I081,MCTS_Hybrid,12907.501220194965,9.27,45.95115641455202,0,0
N050_V025_I093,MCTS_Hybrid,14699.952508525985,10.74,49.01634619959803,0,0
N050_V025_I095,MCTS_Hybrid,15412.737045007241,12.31,30.545579543793234,0,0
N050_V025_I096,MCTS_Hybrid,13522.926967696709,9.29,49.04173415076513,0,0
N050_V025_I097,MCTS_Hybrid,14124.77794549415,11.18,30.634946609687354,0,0
N050_V038_I010,MCTS_Hybrid,23213.698825378102,20.06,18.91896150422266,0,0
N050_V038_I012,MCTS_Hybrid,21271.820197898316,16.4,21.41268933772361,0,0
N050_V038_I026,MCTS_Hybrid,18653.12566812551,15.39,19.17472772808226,0,0
N050_V038_I032,MCTS_Hybrid,24717.517484715925,21.53,20.35109419151817,0,0
N050_V038_I037,MCTS_Hybrid,31162.156579100356,28.43,12.327337504600518,0,0
N050_V038_I046,MCTS_Hybrid,18316.727450694132,14.98,22.887725517526306,0,0
N050_V038_I075,MCTS_Hybrid,21307.665238897935,18.14,25.461767579071637,0,0
N100_V025_I005,MCTS_Hybrid,25619.264970121832,20.93,63.03166284309506,0,0
N100_V025_I008,MCTS_Hybrid,25071.0698790752,20.27,67.15449105118074,0,0
N100_V025_I018,MCTS_Hybrid,28332.42911273488,23.57,59.698527555302846,0,0
N100_V025_I027,MCTS_Hybrid,23176.953054158286,18.78,67.66183055215818,0,0
N100_V025_I029,MCTS_Hybrid,33171.36846165391,29.04,52.18048359248157,0,0
N100_V025_I057,MCTS_Hybrid,20143.327570086694,15.76,67.44021799615973,0,0
N100_V025_I059,MCTS_Hybrid,22764.408601413,18.19,71.45695667699711,0,0
N100_V025_I071,MCTS_Hybrid,27317.490887174557,23.34,53.86811419991858,0,0
N100_V025_I084,MCTS_Hybrid,41888.43794642874,37.42,64.01097305409864,0,0
N100_V025_I099,MCTS_Hybrid,26836.88756966831,22.23,55.515658521817926,0,0
N100_V050_I001,MCTS_Hybrid,23896.187096543235,16.99,39.642542384413574,0,0
N100_V050_I004,MCTS_Hybrid,22485.501583418514,15.54,46.98369605613217,0,0
N100_V050_I007,MCTS_Hybrid,26991.12349584543,20.39,36.04888567343351,0,0
N100_V050_I009,MCTS_Hybrid,24557.772636866255,17.61,34.776637187201814,0,0
N100_V050_I011,MCTS_Hybrid,23601.971076442183,16.49,45.02624724342925,0,0
N100_V050_I021,MCTS_Hybrid,30264.93835968845,22.65,43.621301474717484,0,0
N100_V050_I023,MCTS_Hybrid,24070.955837771675,16.35,45.94498754794981,0,0
N100_V050_I030,MCTS_Hybrid,24568.90423877595,17.37,46.30031112227841,0,0
N100_V050_I038,MCTS_Hybrid,28136.175631429225,20.55,45.413771679552404,0,0
N100_V050_I048,MCTS_Hybrid,21587.27389800614,14.32,46.073099466110754,0,0
N100_V050_I053,MCTS_Hybrid,30295.267158403236,23.91,32.87933941836285,0,0
N100_V050_I068,MCTS_Hybrid,27114.06515439507,20.51,36.6982104168133,0,0
N100_V050_I070,MCTS_Hybrid,24566.799692772784,17.24,37.57555218681285,0,0
N100_V050_I076,MCTS_Hybrid,34706.625172488806,27.66,30.31665280297956,0,0
N100_V050_I088,MCTS_Hybrid,35496.249891987354,29.33,27.095017532134563,0,0
N100_V050_I092,MCTS_Hybrid,29621.001411966703,23.72,31.384099667951958,0,0
N100_V050_I094,MCTS_Hybrid,25436.791289413944,17.82,45.998464941586676,0,0
N100_V050_I098,MCTS_Hybrid,26637.987444835846,19.78,43.84723651700228,0,0
N100_V050_I100,MCTS_Hybrid,20904.51063415727,12.89,46.34491508066069,0,0
N100_V075_I017,MCTS_Hybrid,67226.3697158342,63.08,8.045294292931011,0,0
N100_V075_I019,MCTS_Hybrid,55774.42296198832,49.53,13.881084389447231,0,0
N100_V075_I020,MCTS_Hybrid,71285.6772778678,67.3,7.513572826227379,0,0
N100_V075_I033,MCTS_Hybrid,58904.65111035973,54.34,10.375982551197367,0,0
N100_V075_I035,MCTS_Hybrid,64853.67839972112,59.77,9.094786766186907,0,0
N100_V075_I036,MCTS_Hybrid,56900.17237856623,51.48,10.808727162570381,0,0
N100_V075_I047,MCTS_Hybrid,55013.62219225093,49.46,14.963137610211067,0,0
N100_V075_I074,MCTS_Hybrid,62776.815126616624,57.35,10.272013355107308,0,0
N100_V075_I082,MCTS_Hybrid,65245.814484358394,61.19,8.265479396690196,0,0
N020_V005_I042,RL,865.8056268416858,0.0,8.327750475945678,0,0
N020_V005_I043,RL,1677.8592017726205,0.4,8.2415404947135,0,0
N020_V005_I067,RL,2075.9536606341617,0.8,8.305187128025448,0,0
N020_V005_I077,RL,1148.0404331098914,0.1,8.218781030790062,0,0
N020_V005_I086,RL,2227.843650794341,0.9,7.76114629570954,0,0
N020_V010_I002,RL,1503.4373684720208,0.1,4.133777286299924,0,0
N020_V010_I013,RL,1235.417013845623,0.0,4.024541312221756,0,0
N020_V010_I022,RL,1311.086527821194,0.1,4.06528197686165,0,0
N020_V010_I024,RL,1917.9702374172791,0.4,4.141221150925092,0,0
N020_V010_I044,RL,1539.0534103012492,0.1,4.0262493766090905,0,0
N020_V010_I050,RL,1438.0072908863217,0.1,4.111778121880999,0,0
N020_V010_I058,RL,1146.7223526819944,0.0,4.353496688870667,0,0
N020_V010_I063,RL,1993.0927674537616,0.5,4.119767169446761,0,0
N020_V010_I064,RL,1666.336888903257,0.2,4.170966090710729,0,0
N020_V010_I065,RL,1740.3310343893052,0.2,4.09638720666731,0,0
N020_V010_I072,RL,1293.0093881369685,0.0,4.09301743854535,0,0
N020_V010_I078,RL,1147.0633370421376,0.0,4.041498178145309,0,0
N020_V010_I079,RL,1222.3923091980716,0.0,4.108143344495592,0,0
N020_V010_I083,RL,1522.3021422378515,0.2,4.039968479220192,0,0
N020_V010_I085,RL,1362.9305241240384,0.1,3.9340150208586167,0,0
N020_V010_I090,RL,1173.083432334865,0.0,4.058257134486248,0,0
N020_V010_I091,RL,1367.3859463378085,0.1,4.08086971922742,0,0
N020_V015_I006,RL,1465.3340206067705,0.0,2.75968880436613,0,0
N020_V015_I045,RL,1564.803709309114,0.0,2.7744414542321834,0,0
N020_V015_I049,RL,2688.2315077266835,1.0,2.636178175488373,0,0
N020_V015_I051,RL,2020.614623490455,0.1,2.752510881370393,0,0
N020_V015_I055,RL,1579.2596782623418,0.0,2.786204765207176,0,0
N020_V015_I069,RL,2451.0834826189,1.0,2.546471889768782,0,0
N020_V015_I073,RL,1774.322885355729,0.1,2.6723141601508376,0,0
N020_V015_I080,RL,3930.7628774115847,2.2,2.4868556992507584,0,0
N020_V015_I087,RL,2360.908009132311,1.0,2.6152277255450125,0,0
N020_V015_I089,RL,2356.4780350174633,1.0,2.5788473819770186,0,0
N050_V013_I025,RL,2826.1653277440078,0.5,7.937518241925696,0,0
N050_V013_I052,RL,2745.478442356891,0.4,8.107872007416962,0,0
N050_V025_I003,RL,3194.4929799127813,0.2,4.084593714437674,0,0
N050_V025_I014,RL,5301.26729281548,1.2,4.035117390745947,0,0
N050_V025_I015,RL,2644.7694080539286,0.0,4.185512605632204,0,0
N050_V025_I016,RL,4720.122711463085,0.9,4.010966885169238,0,0
N050_V025_I028,RL,4841.600980073737,0.9,4.076392266358549,0,0
N050_V025_I031,RL,5380.238247262215,1.3,4.0903538583374655,0,0
N050_V025_I034,RL,4950.77631086008,1.1,4.064315853664353,0,0
N050_V025_I039,RL,3622.305411017205,0.4,4.103644486250231,0,0
N050_V025_I040,RL,2540.2693209620115,0.0,4.209456896975068,0,0
N050_V025_I041,RL,3344.355747454015,0.2,4.238878167829767,0,0
N050_V025_I054,RL,2876.915683942014,0.1,4.253274997556644,0,0
N050_V025_I056,RL,3247.345571881794,0.3,4.1120233372009976,0,0
N050_V025_I060,RL,2506.136559747487,0.0,4.188626662417718,0,0
N050_V025_I061,RL,4593.406143902041,1.0,4.161774923022842,0,0
N050_V025_I062,RL,3655.7228085089,0.5,4.15690070004902,0,0
N050_V025_I066,RL,3530.7740032471806,0.4,4.174547077438278,0,0
N050_V025_I081,RL,3498.2179631782315,0.3,4.071470130169168,0,0
N050_V025_I093,RL,3204.645154998144,0.2,4.188287967959207,0,0
N050_V025_I095,RL,2724.1490720673346,0.0,4.155889310301032,0,0
N050_V025_I096,RL,3421.873894781102,0.3,4.1328871810013945,0,0
N050_V025_I097,RL,2759.3235198000843,0.0,4.1661122375614905,0,0
N050_V038_I010,RL,4267.680685150657,0.1,2.710715814403509,0,0
N050_V038_I012,RL,4843.008987544961,1.0,2.6943585999263897,0,0
N050_V038_I026,RL,4497.236969797979,0.4,2.6650191438914153,0,0
N050_V038_I032,RL,3980.912158008522,0.0,2.7850814859387962,0,0
N050_V038_I037,RL,4692.369737080782,0.4,2.701001662647548,0,0
N050_V038_I046,RL,4008.011763655567,0.0,2.754718995890391,0,0
N050_V038_I075,RL,4307.748994188771,0.1,2.7202938791855042,0,0
N100_V025_I005,RL,5140.04384905748,0.9,8.280025895213477,0,0
N100_V025_I008,RL,8144.588318340336,2.2,8.173399854978607,0,0
N100_V025_I018,RL,6712.563149503649,1.6,8.084287259320647,0,0
N100_V025_I027,RL,7129.301148669239,1.9,8.165174759229581,0,0
N100_V025_I029,RL,6600.488142252908,1.6,8.154659962886855,0,0
N100_V025_I057,RL,5455.899096661054,1.0,8.238291979927356,0,0
N100_V025_I059,RL,7141.631565653271,1.8,8.356123461200715,0,0
N100_V025_I071,RL,5154.435127185114,0.9,8.373792580469441,0,0
N100_V025_I084,RL,5437.9722969061495,1.1,8.156709728145762,0,0
N100_V025_I099,RL,5940.501533351121,1.2,8.20748405329377,0,0
N100_V050_I001,RL,6130.588266861659,0.4,4.1610983190406134,0,0
N100_V050_I004,RL,6072.118002258088,0.4,4.1832846216799275,0,0
N100_V050_I007,RL,6048.217648610877,0.4,4.178864218705909,0,0
N100_V050_I009,RL,6730.638931383874,0.7,4.12083942142291,0,0
N100_V050_I011,RL,8338.410045862203,1.6,4.116086787467386,0,0
N100_V050_I021,RL,6814.819940055135,0.8,4.080845323423171,0,0
N100_V050_I023,RL,7065.4488819220305,0.9,4.117328484183644,0,0
N100_V050_I030,RL,6688.751370525165,0.7,4.067197601874802,0,0
N100_V050_I038,RL,7483.99971022175,1.1,4.177474119416395,0,0
N100_V050_I048,RL,6750.513548737683,0.7,4.059679773402766,0,0
N100_V050_I053,RL,7144.886548593288,0.9,4.163061983340305,0,0
N100_V050_I068,RL,6338.802690729896,0.5,4.109607809187383,0,0
N100_V050_I070,RL,7039.0221830088,0.8,4.168339128824895,0,0
N100_V050_I076,RL,7645.088077052773,1.1,4.1804300760341055,0,0
N100_V050_I088,RL,6194.826775995061,0.5,4.14023507972197,0,0
N100_V050_I092,RL,5584.541833719086,0.2,4.226821113295998,0,0
N100_V050_I094,RL,6230.696532196891,0.4,4.105593577104461,0,0
N100_V050_I098,RL,8111.464246721477,1.4,4.066688933777089,0,0
N100_V050_I100,RL,6904.104447500283,0.8,4.159758553068079,0,0
N100_V075_I017,RL,7588.54221792238,0.0,2.779048414742196,0,0
N100_V075_I019,RL,8184.952560374097,0.2,2.7892502941468806,0,0
N100_V075_I020,RL,7306.951032235089,0.0,2.7687305849907,0,0
N100_V075_I033,RL,8144.11452713266,0.2,2.764004667526512,0,0
N100_V075_I035,RL,7988.800740525687,0.2,2.850352050570353,0,0
N100_V075_I036,RL,7330.887828373676,0.1,2.7989798875600007,0,0
N100_V075_I047,RL,9494.812290712453,0.9,2.7335926945789644,0,0
N100_V075_I074,RL,7584.722794628053,0.1,2.7806156121625687,0,0
N100_V075_I082,RL,8535.251865775932,0.5,2.7873401079716733,0,0
